{
    "name": "root",
    "metadata": {
        "timer_format_version": "0.1.0",
        "start_time_seconds": "1641854401",
        "python_version": "3.9.9 (tags/v3.9.9:ccb0e6a, Nov 15 2021, 18:08:50) [MSC v.1929 64 bit (AMD64)]",
        "command_line_arguments": "C:\\Users\\Guillem\\AppData\\Local\\Packages\\PythonSoftwareFoundation.Python.3.9_qbz5n2kfra8p0\\LocalCache\\local-packages\\Python39\\Scripts\\mlagents-learn .\\config\\Ball_config.yaml --run-id=RollerBall --force",
        "mlagents_version": "0.27.0",
        "mlagents_envs_version": "0.27.0",
        "communication_protocol_version": "1.5.0",
        "pytorch_version": "1.8.1+cu111",
        "numpy_version": "1.22.0",
        "end_time_seconds": "1641854417"
    },
    "total": 15.802088,
    "count": 1,
    "self": 0.0037207999999999686,
    "children": {
        "run_training.setup": {
            "total": 0.18354890000000001,
            "count": 1,
            "self": 0.18354890000000001
        },
        "TrainerController.start_learning": {
            "total": 15.6148183,
            "count": 1,
            "self": 0.0004734000000006233,
            "children": {
                "TrainerController._reset_env": {
                    "total": 13.239568799999999,
                    "count": 1,
                    "self": 13.239568799999999
                },
                "TrainerController.advance": {
                    "total": 2.2922863000000024,
                    "count": 11,
                    "self": 0.0001339000000069035,
                    "children": {
                        "env_step": {
                            "total": 2.291962199999997,
                            "count": 11,
                            "self": 1.5923383999999903,
                            "children": {
                                "SubprocessEnvManager._take_step": {
                                    "total": 0.6995400000000025,
                                    "count": 11,
                                    "self": 0.0005605000000006299,
                                    "children": {
                                        "TorchPolicy.evaluate": {
                                            "total": 0.6989795000000019,
                                            "count": 11,
                                            "self": 0.008233600000005836,
                                            "children": {
                                                "TorchPolicy.sample_actions": {
                                                    "total": 0.690745899999996,
                                                    "count": 11,
                                                    "self": 0.690745899999996
                                                }
                                            }
                                        }
                                    }
                                },
                                "workers": {
                                    "total": 8.380000000407506e-05,
                                    "count": 10,
                                    "self": 0.0,
                                    "children": {
                                        "worker_root": {
                                            "total": 3.685827700000001,
                                            "count": 10,
                                            "is_parallel": true,
                                            "self": 2.121533700000004,
                                            "children": {
                                                "steps_from_proto": {
                                                    "total": 0.0002703999999997819,
                                                    "count": 1,
                                                    "is_parallel": true,
                                                    "self": 0.00011650000000074101,
                                                    "children": {
                                                        "_process_rank_one_or_two_observation": {
                                                            "total": 0.00015389999999904092,
                                                            "count": 2,
                                                            "is_parallel": true,
                                                            "self": 0.00015389999999904092
                                                        }
                                                    }
                                                },
                                                "UnityEnvironment.step": {
                                                    "total": 1.564023599999997,
                                                    "count": 10,
                                                    "is_parallel": true,
                                                    "self": 0.0005329999999990065,
                                                    "children": {
                                                        "UnityEnvironment._generate_step_input": {
                                                            "total": 0.0005116000000011667,
                                                            "count": 10,
                                                            "is_parallel": true,
                                                            "self": 0.0005116000000011667
                                                        },
                                                        "communicator.exchange": {
                                                            "total": 1.5616165000000013,
                                                            "count": 10,
                                                            "is_parallel": true,
                                                            "self": 1.5616165000000013
                                                        },
                                                        "steps_from_proto": {
                                                            "total": 0.0013624999999954923,
                                                            "count": 10,
                                                            "is_parallel": true,
                                                            "self": 0.000709099999994578,
                                                            "children": {
                                                                "_process_rank_one_or_two_observation": {
                                                                    "total": 0.0006534000000009144,
                                                                    "count": 20,
                                                                    "is_parallel": true,
                                                                    "self": 0.0006534000000009144
                                                                }
                                                            }
                                                        }
                                                    }
                                                }
                                            }
                                        }
                                    }
                                }
                            }
                        },
                        "trainer_advance": {
                            "total": 0.00019019999999869697,
                            "count": 10,
                            "self": 0.00013159999999601268,
                            "children": {
                                "process_trajectory": {
                                    "total": 5.860000000268428e-05,
                                    "count": 10,