{
    "name": "root",
    "gauges": {
        "RollerBall.Policy.Entropy.mean": {
            "value": 1.2412978410720825,
            "min": 1.166050910949707,
            "max": 1.4060859680175781,
            "count": 23
        },
        "RollerBall.Policy.Entropy.sum": {
            "value": 12408.0126953125,
            "min": 11660.5087890625,
            "max": 14124.1337890625,
            "count": 23
        },
        "RollerBall.Environment.EpisodeLength.mean": {
            "value": 31.141479099678456,
            "min": 27.707736389684815,
            "max": 46.69377990430622,
            "count": 23
        },
        "RollerBall.Environment.EpisodeLength.sum": {
            "value": 9685.0,
            "min": 9663.0,
            "max": 9822.0,
            "count": 23
        },
        "RollerBall.Step.mean": {
            "value": 229993.0,
            "min": 9981.0,
            "max": 229993.0,
            "count": 23
        },
        "RollerBall.Step.sum": {
            "value": 229993.0,
            "min": 9981.0,
            "max": 229993.0,
            "count": 23
        },
        "RollerBall.Policy.ExtrinsicValueEstimate.mean": {
            "value": 108.41506958007812,
            "min": 35.73479461669922,
            "max": 206.00486755371094,
            "count": 23
        },
        "RollerBall.Policy.ExtrinsicValueEstimate.sum": {
            "value": 33717.0859375,
            "min": 9862.8037109375,
            "max": 52531.2421875,
            "count": 23
        },
        "RollerBall.Environment.CumulativeReward.mean": {
            "value": 157.24991132822066,
            "min": 64.80769930185224,
            "max": 306.4080468720081,
            "count": 23
        },
        "RollerBall.Environment.CumulativeReward.sum": {
            "value": 48904.72242307663,
            "min": 14452.11694431305,
            "max": 78751.91970443726,
            "count": 23
        },
        "RollerBall.Policy.ExtrinsicReward.mean": {
            "value": 157.24991132822066,
            "min": 64.80769930185224,
            "max": 306.4080468720081,
            "count": 23
        },
        "RollerBall.Policy.ExtrinsicReward.sum": {
            "value": 48904.72242307663,
            "min": 14452.11694431305,
            "max": 78751.91970443726,
            "count": 23
        },
        "RollerBall.Losses.PolicyLoss.mean": {
            "value": 0.2310468055961804,
            "min": 0.219080792192823,
            "max": 0.2712898178781714,
            "count": 23
        },
        "RollerBall.Losses.PolicyLoss.sum": {
            "value": 19.407931670079154,
            "min": 18.32963946861864,
            "max": 23.059634519644572,
            "count": 23
        },
        "RollerBall.Losses.ValueLoss.mean": {
            "value": 650.203900672421,
            "min": 226.38839394335065,
            "max": 6351.393763878357,
            "count": 23
        },
        "RollerBall.Losses.ValueLoss.sum": {
            "value": 54617.12765648337,
            "min": 19469.401879128156,
            "max": 501760.10734639026,
            "count": 23
        },
        "RollerBall.Policy.LearningRate.mean": {
            "value": 0.0002324584475138583,
            "min": 0.0002324584475138583,
            "max": 0.00029851240790327156,
            "count": 23
        },
        "RollerBall.Policy.LearningRate.sum": {
            "value": 0.019526509591164098,
            "min": 0.019526509591164098,
            "max": 0.024926042191319397,
            "count": 23
        },
        "RollerBall.Policy.Epsilon.mean": {
            "value": 0.2549722833333333,
            "min": 0.2549722833333333,
            "max": 0.29900827160493826,
            "count": 23
        },
        "RollerBall.Policy.Epsilon.sum": {
            "value": 21.4176718,
            "min": 21.3295504,
            "max": 25.317361199999997,
            "count": 23
        },
        "RollerBall.Policy.Beta.mean": {
            "value": 0.0003896820941666668,
            "min": 0.0003896820941666668,
            "max": 0.0004975702654320987,
            "count": 23
        },
        "RollerBall.Policy.Beta.sum": {
            "value": 0.03273329591000001,
            "min": 0.03273329591000001,
            "max": 0.04158253494,
            "count": 23
        },
        "RollerBall.IsTraining.mean": {
            "value": 1.0,
            "min": 1.0,
            "max": 1.0,
            "count": 23
        },
        "RollerBall.IsTraining.sum": {
            "value": 1.0,
            "min": 1.0,
            "max": 1.0,
            "count": 23
        }
    },
    "metadata": {
        "timer_format_version": "0.1.0",
        "start_time_seconds": "1641849145",
        "python_version": "3.9.9 (tags/v3.9.9:ccb0e6a, Nov 15 2021, 18:08:50) [MSC v.1929 64 bit (AMD64)]",
        "command_line_arguments": "C:\\Users\\Guillem\\AppData\\Local\\Packages\\PythonSoftwareFoundation.Python.3.9_qbz5n2kfra8p0\\LocalCache\\local-packages\\Python39\\Scripts\\mlagents-learn .\\config\\Ball_config.yaml --run-id==RollerBall --force",
        "mlagents_version": "0.27.0",
        "mlagents_envs_version": "0.27.0",
        "communication_protocol_version": "1.5.0",
        "pytorch_version": "1.8.1+cu111",
        "numpy_version": "1.22.0",
        "end_time_seconds": "1641850430"
    },
    "total": 1285.3043613999998,
    "count": 1,
    "self": 0.003972299999986717,
    "children": {
        "run_training.setup": {
            "total": 0.1470762000000001,
            "count": 1,
            "self": 0.1470762000000001
        },
        "TrainerController.start_learning": {
            "total": 1285.1533129,
            "count": 1,
            "self": 2.474299299956101,
            "children": {
                "TrainerController._reset_env": {
                    "total": 10.7884209,
                    "count": 1,
                    "self": 10.7884209
                },
                "TrainerController.advance": {
                    "total": 1271.801633300044,
                    "count": 239567,
                    "self": 2.218303300036723,
                    "children": {
                        "env_step": {
                            "total": 805.0375151000085,
                            "count": 239567,
                            "self": 576.2744868000512,
                            "children": {
                                "SubprocessEnvManager._take_step": {
                                    "total": 227.25056179999228,
                                    "count": 239567,
                                    "self": 7.317441600018412,
                                    "children": {
                                        "TorchPolicy.evaluate": {
                                            "total": 219.93312019997387,
                                            "count": 234277,
                                            "self": 96.39699559999231,
                                            "children": {
                                                "TorchPolicy.sample_actions": {
                                                    "total": 123.53612459998156,
                                                    "count": 234277,
                                                    "self": 123.53612459998156
                                                }
                                            }
                                        }
                                    }
                                },
                                "workers": {
                                    "total": 1.5124664999649298,
                                    "count": 239566,
                                    "self": 0.0,
                                    "children": {
                                        "worker_root": {
                                            "total": 1272.1770777999866,