{
    "name": "root",
    "gauges": {
        "MazeBall.Policy.Entropy.mean": {
            "value": 1.028980016708374,
            "min": 0.978416919708252,
            "max": 1.4179672002792358,
            "count": 52
        },
        "MazeBall.Policy.Entropy.sum": {
            "value": 10446.205078125,
            "min": 9492.0234375,
            "max": 14395.203125,
            "count": 52
        },
        "MazeBall.Step.mean": {
            "value": 519976.0,
            "min": 9960.0,
            "max": 519976.0,
            "count": 52
        },
        "MazeBall.Step.sum": {
            "value": 519976.0,
            "min": 9960.0,
            "max": 519976.0,
            "count": 52
        },
        "MazeBall.Policy.ExtrinsicValueEstimate.mean": {
            "value": 2.910029172897339,
            "min": -1.3245359659194946,
            "max": 4.034212589263916,
            "count": 52
        },
        "MazeBall.Policy.ExtrinsicValueEstimate.sum": {
            "value": 465.60467529296875,
            "min": -210.60121154785156,
            "max": 641.4398193359375,
            "count": 52
        },
        "MazeBall.Policy.CuriosityValueEstimate.mean": {
            "value": 0.25733035802841187,
            "min": 0.22617053985595703,
            "max": 4.814172267913818,
            "count": 52
        },
        "MazeBall.Policy.CuriosityValueEstimate.sum": {
            "value": 41.17285919189453,
            "min": 36.86579895019531,
            "max": 770.267578125,
            "count": 52
        },
        "MazeBall.Losses.PolicyLoss.mean": {
            "value": 0.2492712038636835,
            "min": 0.2421280590711793,
            "max": 0.258023203818085,
            "count": 52
        },
        "MazeBall.Losses.PolicyLoss.sum": {
            "value": 4.486881669546303,
            "min": 4.150980688913562,
            "max": 4.644417668725531,
            "count": 52
        },
        "MazeBall.Losses.ValueLoss.mean": {
            "value": 0.22065479544836913,
            "min": 0.012446292358253001,
            "max": 0.6896090855588002,
            "count": 52
        },
        "MazeBall.Losses.ValueLoss.sum": {
            "value": 3.9717863180706443,
            "min": 0.21158697009030103,
            "max": 12.412963540058403,
            "count": 52
        },
        "MazeBall.Policy.LearningRate.mean": {
            "value": 0.0001454772515076,
            "min": 0.0001454772515076,
            "max": 0.0002984524240452705,
            "count": 52
        },
        "MazeBall.Policy.LearningRate.sum": {
            "value": 0.0026185905271368,
            "min": 0.0026185905271368,
            "max": 0.0053190000269999985,
            "count": 52
        },
        "MazeBall.Policy.Epsilon.mean": {
            "value": 0.19698479999999996,
            "min": 0.19698479999999996,
            "max": 0.29896828235294115,
            "count": 52
        },
        "MazeBall.Policy.Epsilon.sum": {
            "value": 3.545726399999999,
            "min": 3.4510848,
            "max": 5.345999999999999,
            "count": 52
        },
        "MazeBall.Policy.Beta.mean": {
            "value": 0.00024761276,
            "min": 0.00024761276,
            "max": 0.0004974722917647059,
            "count": 52
        },
        "MazeBall.Policy.Beta.sum": {
            "value": 0.00445702968,
            "min": 0.00445702968,
            "max": 0.0088677,
            "count": 52
        },
        "MazeBall.Losses.CuriosityForwardLoss.mean": {
            "value": 0.057195170769141206,
            "min": 0.04368887810162311,
            "max": 1.6288300834203382,
            "count": 52
        },
        "MazeBall.Losses.CuriosityForwardLoss.sum": {
            "value": 1.0295130738445417,
            "min": 0.7863998058292161,
            "max": 27.69011141814575,
            "count": 52
        },
        "MazeBall.Losses.CuriosityInverseLoss.mean": {
            "value": 0.5243667891447096,
            "min": 0.22523527528150092,
            "max": 1.5390467875379858,
            "count": 52
        },
        "MazeBall.Losses.CuriosityInverseLoss.sum": {
            "value": 9.438602204604772,
            "min": 4.054234955067017,
            "max": 26.163795388145758,
            "count": 52
        },
        "MazeBall.Environment.EpisodeLength.mean": {
            "value": 999.0,
            "min": 999.0,
            "max": 999.0,
            "count": 52
        },
        "MazeBall.Environment.EpisodeLength.sum": {
            "value": 8991.0,
            "min": 8991.0,
            "max": 17982.0,
            "count": 52
        },
        "MazeBall.Environment.CumulativeReward.mean": {
            "value": 28.72572491235203,
            "min": -33.547088113096024,
            "max": 30.899970311257576,
            "count": 52
        },
        "MazeBall.Environment.CumulativeReward.sum": {
            "value": 258.5315242111683,
            "min": -301.9237930178642,
            "max": 452.5108346939087,
            "count": 52
        },
        "MazeBall.Policy.ExtrinsicReward.mean": {
            "value": 28.72572491235203,
            "min": -33.547088113096024,
            "max": 30.899970311257576,
            "count": 52
        },
        "MazeBall.Policy.ExtrinsicReward.sum": {
            "value": 258.5315242111683,
            "min": -301.9237930178642,
            "max": 452.5108346939087,
            "count": 52
        },
        "MazeBall.Policy.CuriosityReward.mean": {
            "value": 2.3063062817737876,
            "min": 0.9591538548314323,
            "max": 21.37374040774173,
            "count": 52
        },
        "MazeBall.Policy.CuriosityReward.sum": {
            "value": 20.756756535964087,
            "min": 8.63238469348289,
            "max": 192.3636636696756,
            "count": 52
        },
        "MazeBall.IsTraining.mean": {
            "value": 1.0,
            "min": 1.0,
            "max": 1.0,
            "count": 52
        },
        "MazeBall.IsTraining.sum": {
            "value": 1.0,
            "min": 1.0,
            "max": 1.0,
            "count": 52
        }
    },
    "metadata": {
        "timer_format_version": "0.1.0",
        "start_time_seconds": "1641944580",
        "python_version": "3.9.9 (tags/v3.9.9:ccb0e6a, Nov 15 2021, 18:08:50) [MSC v.1929 64 bit (AMD64)]",
        "command_line_arguments": "C:\\Users\\Guillem\\AppData\\Local\\Packages\\PythonSoftwareFoundation.Python.3.9_qbz5n2kfra8p0\\LocalCache\\local-packages\\Python39\\Scripts\\mlagents-learn .\\config\\Ball_config.yaml --run-id=MazeBall --force",
        "mlagents_version": "0.27.0",
        "mlagents_envs_version": "0.27.0",
        "communication_protocol_version": "1.5.0",
        "pytorch_version": "1.8.1+cu111",
        "numpy_version": "1.22.0",
        "end_time_seconds": "1641947648"
    },
    "total": 3068.6857434999997,
    "count": 1,
    "self": 0.0037210999998933403,
    "children": {
        "run_training.setup": {
            "total": 0.24619580000000008,
            "count": 1,
            "self": 0.24619580000000008
        },
        "TrainerController.start_learning": {
            "total": 3068.4358266,
            "count": 1,
            "self": 0.7997310999271576,
            "children": {
                "TrainerController._reset_env": {
                    "total": 8.299866600000001,
                    "count": 1,
                    "self": 8.299866600000001
                },
                "TrainerController.advance": {
                    "total": 3059.2813858000727,
                    "count": 57981,
                    "self": 0.6941777000797629,
                    "children": {
                        "env_step": {
                            "total": 302.55471840000365,
                            "count": 57981,
                            "self": 210.0883630000412,